id;name;description;representative_name;email;phone_number;agent_type
1;cylinder;../fake-data/blob/hipster.txt;that oh gumshoe;Doug_Schneider@yahoo.com;vogue pfft;BROKER
2;foolish soliloquy;../fake-data/blob/hipster.txt;um copyright zowie;Ulices27@hotmail.com;instead;RE_INSURER
3;or regarding tunnel;../fake-data/blob/hipster.txt;yahoo lined parallel;Edward85@hotmail.com;pander;INSURER
4;ready zowie;../fake-data/blob/hipster.txt;next;Leopold.Douglas26@hotmail.com;despite;INSURED
5;likely;../fake-data/blob/hipster.txt;legislation;Katrine_Prohaska70@gmail.com;oh;RE_INSURER
6;ouch before solemnize;../fake-data/blob/hipster.txt;wearily ick honorable;Adolfo6@gmail.com;pro patiently jail;RE_INSURER
7;over rigidly;../fake-data/blob/hipster.txt;brr gratefully perjure;Mallory_Harber74@yahoo.com;gee but;RE_INSURER
8;solidly ill-informed brr;../fake-data/blob/hipster.txt;test sternly;Lucas.Kuhic69@gmail.com;milky;BROKER
9;around victim;../fake-data/blob/hipster.txt;unwilling weatherize;Jamal.Stamm42@yahoo.com;required ring;BROKER
10;tensely gander aha;../fake-data/blob/hipster.txt;though cheerful trigonometry;Alexandrine91@yahoo.com;excepting blah modem;RE_INSURER
