id;contract_document;contract_document_content_type;created_date
1;../fake-data/blob/hipster.png;image/png;2024-06-07T07:26:30
2;../fake-data/blob/hipster.png;image/png;2024-06-06T20:18:58
3;../fake-data/blob/hipster.png;image/png;2024-06-06T19:55:48
4;../fake-data/blob/hipster.png;image/png;2024-06-07T00:59:47
5;../fake-data/blob/hipster.png;image/png;2024-06-07T05:30:20
6;../fake-data/blob/hipster.png;image/png;2024-06-07T04:44:47
7;../fake-data/blob/hipster.png;image/png;2024-06-07T01:14:16
8;../fake-data/blob/hipster.png;image/png;2024-06-07T03:16:45
9;../fake-data/blob/hipster.png;image/png;2024-06-06T22:32:48
10;../fake-data/blob/hipster.png;image/png;2024-06-07T05:41:42
